node1,node2,distance
二子山公園,花長町,691.1723775486389
二子山公園,中新町,249.91854460108402
二子山公園,松河戸交番東,3246.2772252109075
二子山公園,道風記念館,3617.7131972065313
二子山公園,味美,1004.6334537785441
二子山公園,松新橋南,2469.544758335868
二子山公園,大和通,1890.5137523690921
花長町,中新町,563.5076357457449
花長町,味美,508.56470685457475
花長町,白山町,190.2978155508475
花長町,名鉄牛山駅,4536.8788807386345
内々神社,石尾台東,4638.808346955812
内々神社,玉野台団地,7354.235809198846
内々神社,神屋工業団地,4846.490752744247
内々神社,内津,494.0543144966474
内々神社,植物園,3134.991340165305
内々神社,少年自然の家,3458.8208350914274
石尾台東,玉野台団地,2764.238179194776
石尾台東,少年自然の家,1297.1632938672126
石尾台東,細野,492.9098636270287
石尾台東,石尾台北,702.7083633082397
石尾台東,石尾台南,908.4618415034354
石尾台東,押沢台,684.6336514821501
石尾台東,押沢台口,1632.3259111990224
玉野台団地,押沢台口,1141.7790135467285
玉野台団地,木附,791.5333373510509
玉野台団地,玉野台北,469.2273725306633
玉野台団地,玉野台南,361.0715913384373
玉野台団地,玉野,802.4031292088777
松河戸交番東,道風記念館,465.10614923288153
松河戸交番東,松新橋南,1030.0117117708837
松河戸交番東,松河戸交番北,240.5215769671824
松河戸交番東,下中公園,831.4707154114046
道風記念館,泰岳寺東,2475.7728689764403
道風記念館,中切町,1127.5342526809595
道風記念館,下中公園,967.1568614261869
道風記念館,玉野,12823.392797385774
味美,味美駅前,194.44396984762136
味美,味美町,671.7941199171947
味美,大和通,1612.3354399232146
味美,白山町,501.1612111041912
味美,松山小学校,1897.9562167237352
味美,名鉄牛山駅,3879.075497632028
味美,味美ふれあいセンター,284.33926692030917
味美,稲口町,1428.2176482860261
神屋工業団地,内津,4369.516378738752
神屋工業団地,上田楽町北,8304.209276318436
神屋工業団地,桃山町3丁目,6575.550255923444
神屋工業団地,郷中公会堂,10590.521289224778
神屋工業団地,福祉の里,520.2883414402872
神屋工業団地,尾張明知,1836.041034001419
神屋工業団地,西尾,2537.885439134672
神屋工業団地,神屋工業団地口,894.671797838415
内津,植物園,2814.7940612203843
内津,内津口,655.7418261174082
内津,西尾,1868.2483829065488
植物園,高森台北,1758.2130429354077
植物園,少年自然の家,382.9019392873255
植物園,内津口,2486.973705039167
植物園,西尾上,2366.760613797645
植物園,西尾,2501.3483568362517
植物園,尾張明知,2560.7180992126455
植物園,愛知県コロニー,2347.4599111601838
上田楽町北,桃山町3丁目,1766.759314063208
上田楽町北,郷中公会堂,2301.2317038212236
上田楽町北,東海工業ミシン前,1648.0945551252505
上田楽町北,桃山町,1440.7478503352665
上田楽町北,定野,592.0644818499054
上田楽町北,田楽,501.6358494027178
桃山町3丁目,春日井自衛隊前,598.7253277930942
桃山町3丁目,春日台東,5128.384415130011
桃山町3丁目,桃山町,350.03208527277945
桃山町3丁目,神屋工業団地口,6027.688041494106
桃山町3丁目,桃山町東,489.4283454404722
郷中公会堂,東海工業ミシン前,654.2183735761861
郷中公会堂,三本竹児童遊園,323.4318156699295
郷中公会堂,牛山ちびっこ広場西,558.6012523694912
郷中公会堂,天神社南,361.2880298554899
郷中公会堂,さつき台児童遊園,753.3497291846095
味美駅前,味美町,443.0155502994578
味美駅前,味美ふれあいセンター,283.0380514548674
味美駅前,稲口町,1276.5127619205537
味美町,大和通,1378.602795000298
味美町,勝川新町,973.1726345423693
味美町,稲口町,906.3127977201821
味美町,美濃町,487.0960033913635
味美町,美濃町3丁目,546.5543583068737
石尾台,高森台北,1327.0737134206015
石尾台,高森台,527.9117249324963
石尾台,石尾台北,679.2231002412725
石尾台,石尾台南,650.6788271703737
石尾台,中央台,946.267595853896
高森台北,高森台,1129.3017954160875
高森台北,少年自然の家,1734.779681531989
高森台北,石尾台北,1480.8408148826518
高森台北,愛知県コロニー,1383.732478610361
高森台北,高森台四丁目,302.39495380708405
高森台北,烏洞橋,938.7213084776225
高森台,烏洞橋,786.860146519682
高森台,藤山台東,782.6757378195261
高森台,中央台,612.4737058900521
少年自然の家,細野,810.7803363207854
少年自然の家,石尾台北,1022.4863367962038
細野,石尾台北,490.8468994585381
高蔵公園前,鹿乗橋,671.195188137588
高蔵公園前,高蔵寺駅北口,725.019884918122
高蔵公園前,高蔵寺幼稚園北口,424.8354551031519
高蔵公園前,泰岳寺東,8374.394321644098
高蔵公園前,飼野,1265.6852316862291
高蔵公園前,玉野,2003.325325321187
鹿乗橋,高蔵寺駅北口,1199.2326550211005
鹿乗橋,岩成台小学校,1655.2551220365067
鹿乗橋,木附西,1786.6465745142243
鹿乗橋,飼野,619.3887089089451
高蔵寺駅北口,岩成台小学校,1323.5145613763123
高蔵寺駅北口,高蔵寺幼稚園北口,456.6830550897165
高蔵寺駅北口,白山橋,1110.5202871132403
高蔵寺駅北口,高蔵寺,183.0043992813273
高蔵寺駅北口,高蔵寺ふれあいセンター北,407.49467834171963
高蔵寺駅北口,繁田,823.6554509256333
高蔵寺駅北口,高蔵寺町2丁目,612.20675947415
岩成台小学校,白山橋,956.4111178201794
岩成台小学校,木附西,2196.000602634178
岩成台小学校,岩成台西,575.9864596628773
岩成台小学校,岩成台,706.4026362543334
岩成台小学校,岩成台北,828.4272633616062
桃花園口,大泉寺西,1275.6034431865237
桃花園口,桃花園,399.25603897388305
桃花園口,春日台東,2986.062063446738
桃花園口,グリーンパレス春日井,1049.8543985881472
桃花園口,春日井自衛隊前,2274.1300275233343
桃花園口,大池住宅前,1091.037912045869
桃花園口,東山,918.0201645049328
大泉寺西,桃花園,1172.275543521583
大泉寺西,グリーンパレス春日井,1318.201093439281
大泉寺西,平和公園口,920.252548026705
大泉寺西,不二ヶ丘,1112.2636828095863
大泉寺西,下市場,1383.8693004114202
大泉寺西,東山住宅前,1808.668896462547
桃花園,春日台東,2641.337047305314
桃花園,春日台,2427.250501046621
桃花園,春日台口,2251.65410581691
桃花園,平和公園口,1226.5128808846764
桃花園,坂下六丁目,2148.4244361241053
春日台東,春日台,251.33745622894048
春日台東,坂下神社,661.5942606748138
春日台東,春日井自衛隊前,4716.766195973051
春日台東,神屋工業団地口,1349.755112147052
春日台東,かみや団地,484.5066643006037
グリーンパレス春日井,あさひ病院前,623.6388309609537
グリーンパレス春日井,落合公園,815.4456867919416
グリーンパレス春日井,東山,303.26433728953214
グリーンパレス春日井,下原本町,616.9073256620944
グリーンパレス春日井,東山住宅前,1205.8449586788856
松新橋南,大和通,970.2434538035806
松新橋南,松河戸交番北,797.6891517730337
松新橋南,松河戸住宅,616.1048436074519
松新橋南,勝川駅南,349.6915586627944
松新橋南,勝川駅前,410.3827787957276
大和通,勝川新町,708.898753731088
大和通,神明町,379.44185138579275
大和通,勝川駅前,617.38773012202
白山町,名鉄牛山駅,4354.407135825743
白山町,味美ふれあいセンター,367.89498850183094
名鉄牛山駅,松山小学校,2652.584638639582
名鉄牛山駅,牛山新田橋東,300.5670184142018
名鉄牛山駅,寺田台東,743.8799674192541
名鉄牛山駅,西部ふれあいセンター,2017.1672937429983
名鉄牛山駅,さつき台児童遊園,908.0890317073382
名鉄牛山駅,天神社南,1192.222354542643
名鉄牛山駅,西部中学校,1788.688486872762
石尾台北,石尾台南,890.5755092119465
石尾台南,押沢台,548.0288870800781
石尾台南,押沢台5丁目,771.6697875640551
石尾台南,中央台,1176.6494186986372
福祉の里,尾張明知,1402.7148533525635
福祉の里,大山口,1119.1544743518778
福祉の里,神屋工業団地口,852.7101007216737
福祉の里,神屋,1236.1389911647084
福祉の里,坂下出張所前,940.6392705047798
尾張明知,大山口,389.57402000660164
尾張明知,西尾,920.5443929813285
尾張明知,愛知県コロニー,1252.621305556858
大山口,愛知県コロニー,982.2916285137553
大山口,坂下出張所前,692.8258861858637
内津口,西尾上,628.434978491955
内津口,西尾,1219.1944391777677
西尾上,西尾,595.1969361272342
春日台,坂下神社,539.1699252757305
春日台,春日台口,302.26047982427974
坂下神社,春日台口,434.19428467221684
坂下神社,坂下六丁目,695.862437677486
坂下神社,坂下,604.1439523525621
坂下神社,かみや団地,932.9678620552162
坂下神社,坂下公民館,391.25179698117176
春日台口,坂下六丁目,688.7815511441601
大留町中,高蔵寺町1丁目,1608.7051026889314
大留町中,大留町東,359.52056884234
大留町中,高蔵寺幼稚園北口,2740.643453827147
大留町中,神領町東,1212.0238286540186
大留町中,出川,1333.9594993310911
大留町中,大留町4丁目,294.1647057784378
大留町中,東出川,1166.2819781264434
高蔵寺町1丁目,大留町東,1256.8956726346962
高蔵寺町1丁目,高蔵寺幼稚園北口,1161.6513674582625
高蔵寺町1丁目,高蔵寺ふれあいセンター北,655.5429226136442
高蔵寺町1丁目,繁田,390.28227850209885
高蔵寺町1丁目,北気噴,673.2097707515561
高蔵寺町1丁目,気噴町,397.52473738700286
高蔵寺町1丁目,高蔵寺町2丁目,405.5409678129928
大留町東,気噴町西,445.84161773622577
大留町東,不二小学校前,1019.1693247994938
大留町東,東出川,1055.166617540092
大留町東,気噴町,868.5833214888066
高蔵寺幼稚園北口,泰岳寺東,7985.8996441055515
高蔵寺幼稚園北口,堀ノ内町,4841.167266968994
高蔵寺幼稚園北口,高蔵寺ふれあいセンター北,523.6130439574574
高蔵寺幼稚園北口,神領町東,3887.704316327227
高蔵寺幼稚園北口,高蔵寺,375.06042361667755
泰岳寺東,堀ノ内町,3393.445246385841
泰岳寺東,上条町南,316.3612086339676
泰岳寺東,中切町,1369.4335992114325
泰岳寺東,南部ふれあいセンター,1122.8313086561684
泰岳寺東,下津保育園北,672.1530765046449
泰岳寺東,玉野,10356.57546147932
堀ノ内町,上条町南,3123.792709245532
堀ノ内町,熊野町,422.5276665889492
堀ノ内町,篠木七丁目,1676.0393850911928
堀ノ内町,神領町東,1047.0828483082114
堀ノ内町,堀ノ内町東,574.1447346149276
堀ノ内町,篠木八丁目,1717.999681257569
白山橋,岩成台西,667.2847363479026
白山橋,北気噴,965.7315308948613
白山橋,繁田,872.7253367852019
白山橋,白山南,827.4848120714803
白山橋,白山,458.88128453719725
平和公園口,不二ヶ丘,1042.4775953352248
平和公園口,坂下六丁目,1543.1021488498575
平和公園口,中部大学前,1006.1507378691009
平和公園口,神明,1064.4313399742148
平和公園口,中部大学北,1327.8029626187672
尾張下原,大池住宅前,376.6700787010724
尾張下原,下原町,194.45673530881308
尾張下原,東山,492.0890292892734
尾張下原,下原本町,149.2251705526947
大池住宅前,下原町,424.4666280296562
大池住宅前,春日井自衛隊前,1416.5216900571666
大池住宅前,東山,478.47662396978757
大池住宅前,西山住宅前,942.8994218614556
下原町,東野町西3丁目,770.9215177320033
下原町,あさひ病院前,366.3237140482484
下原町,下原本町,283.8488377635174
下原町,西山住宅前,636.1904171464433
あさひ病院前,落合公園,725.4565617888264
あさひ病院前,東野町西3丁目,749.8180454916325
あさひ病院前,下原口,433.494859883497
あさひ病院前,東野小学校南,474.5920847373885
あさひ病院前,下原本町,108.76881932849719
落合公園,東野小学校南,423.2609285917762
落合公園,東野町,598.3925985767679
落合公園,東野,662.5919907130508
落合公園,東山住宅前,534.7658283323386
落合公園,東野新町,847.4208906843169
上条町南,熊野町,2765.505247649765
上条町南,熊野神社北,2427.588121238214
上条町南,上条町中,323.34342126682986
上条町南,下津保育園北,829.5962570994794
熊野町,熊野神社北,437.2474425823134
熊野町,篠木七丁目,1543.549204142016
熊野神社北,春日井駅南口,1593.0804317557374
熊野神社北,割塚町,1289.3773643803663
熊野神社北,上条町北,1863.8474202212012
熊野神社北,篠木七丁目,1505.7313718926519
熊野神社北,林島町,791.7642983078456
熊野神社北,上条町中,2169.636492253724
熊野神社北,篠木六丁目,1402.3497430763894
春日井駅南口,割塚町,450.8642237989365
春日井駅南口,上条町北,602.2915513897423
春日井駅南口,上条町2丁目,435.6817200855716
春日井駅南口,春日井駅,140.22355052768984
割塚町,林島町,612.1770344803182
割塚町,関田町,419.74962243389126
割塚町,春日井駅,353.3169339622937
割塚町,乙輪町,534.0051401448824
割塚町,春日井駅前,326.42242915702667
上条町北,上条町中,420.8254502921677
上条町北,上条町2丁目,453.88262303907226
篠木七丁目,篠木八丁目,390.30209823808
篠木七丁目,東山住宅前,928.034197654515
篠木七丁目,篠木六丁目,518.5700959162383
篠木七丁目,東野新町,959.1109650785199
林島町,関田町,311.36923906889615
林島町,篠木,902.7328312393181
林島町,東部中学校前,1013.7527933425739
林島町,篠木六丁目,1093.1921743255177
松山小学校,広田公園西,1220.711840003534
松山小学校,西部ふれあいセンター,877.6475147808295
松山小学校,如意申,1084.23296783486
松山小学校,稲口,1202.5497516271078
松山小学校,稲口町,543.1709423473167
東海工業ミシン前,牛山ちびっこ広場西,480.9102419428301
東海工業ミシン前,牛山運動広場南,884.1610900092811
東海工業ミシン前,田楽,1527.920560309756
東海工業ミシン前,三本竹児童遊園,346.66363888800925
東海工業ミシン前,西町屋,1358.947601299738
牛山新田橋東,寺田台東,493.08747875017445
牛山新田橋東,牛山第三公民館,235.62247482775288
牛山新田橋東,前並町1丁目,1348.3206873796557
牛山新田橋東,西部中学校,1570.362161541809
寺田台東,牛山第三公民館,310.8774674252873
寺田台東,新開町,790.4862476030385
寺田台東,さつき台児童遊園,229.31911680887066
中切町,南部ふれあいセンター,268.7552597856272
中切町,下中公園,571.6755627539824
中切町,春日井高等養護学校,301.0172776510972
南部ふれあいセンター,下津保育園北,504.4939295779212
南部ふれあいセンター,春日井高等養護学校,429.62003975588993
健康管理センター,市役所,596.9387229626313
健康管理センター,春日井農協前,473.6519285709106
健康管理センター,広田公園西,1603.7464284561856
健康管理センター,柏原町3丁目,827.9231603875245
健康管理センター,瑞穂通1丁目,849.4772611079636
健康管理センター,八田町二丁目,584.570991223573
健康管理センター,上八田,871.7258192414796
健康管理センター,高山口,1710.8328735175498
市役所,春日井農協前,601.8277039835727
市役所,鳥居松2丁目,613.2173544258314
市役所,鳥居松公園,400.7901067310096
市役所,瑞穂通1丁目,853.2195883321112
市役所,鳥居松,366.8820188973263
市役所,春日井市役所前,257.9353210693603
春日井農協前,鳥居松,655.1955784620858
春日井農協前,鳥居松八丁目,820.9748401186336
春日井農協前,六軒屋口,810.7317336532924
春日井農協前,八田町二丁目,326.8957454179612
広田公園西,柏原町3丁目,1220.1344237032238
広田公園西,西部ふれあいセンター,1026.6482066326253
広田公園西,如意申,514.8097938722178
広田公園西,高山口,380.3120971345215
柏原町3丁目,瑞穂通1丁目,416.7993122434586
柏原町3丁目,如意申,967.5594143795577
柏原町3丁目,柏原町2丁目,320.72574469174657
春日井自衛隊前,桃山町東,561.085885356194
春日井自衛隊前,西山町,923.5285737454864
春日井自衛隊前,西山住宅前,979.8934118825832
桃山町,定野,979.0242281437563
桃山町,南桃山町,795.6986392354312
桃山町,桃山町東,390.07752784036455
定野,南桃山町,814.9744547802093
定野,パナソニックエコシステムズ,964.5286807688468
定野,田楽,654.4691041084582
南桃山町,春日井市民病院,784.2428285625704
南桃山町,市民病院西,1056.3083125497956
南桃山町,桃山町東,619.6973794481372
南桃山町,パナソニックエコシステムズ,1135.9068769992964
南桃山町,西山口,389.35710892522826
押沢台,押沢台口,983.5185757371246
押沢台,押沢台5丁目,721.442947618527
木附西,飼野,1361.370341837106
木附西,岩成台,2049.489038480313
木附西,木附,297.52906319261797
木附西,押沢台口,640.0125038889538
木附西,自衛隊前,708.9385102409395
木附西,押沢台5丁目,799.5704669914775
木附西,玉野台北,433.6013371181989
神屋工業団地口,かみや団地,883.9745823623559
神屋工業団地口,神屋,1129.0990282367413
神屋工業団地口,かみや団地口,707.0964229000974
出川,神領駅北口,1329.9404930207622
出川,大留町1丁目,1361.573944248401
出川,下市場,1423.3281894167192
出川,大留町4丁目,1288.7766999014616
出川,東出川,878.7178319588687
出川,不二ヶ丘,455.3172427390073
出川,中部大学東,774.946422674003
出川,中部大学前,633.6705049417646
神領駅北口,大留町1丁目,826.15515496088
神領駅北口,下市場,957.7371060953473
神領駅北口,篠木八丁目,1251.0227818726187
神領駅北口,堀ノ内町東,736.5490895506204
神領駅北口,神領駅,340.0366146726563
大留町1丁目,大留町4丁目,407.5756529319054
大留町1丁目,神領町東,514.8045249870179
大留町1丁目,神領駅,690.6775719216336
下市場,篠木八丁目,562.9851059732863
下市場,不二ヶ丘,1542.7690531370972
下市場,東山住宅前,1293.3672319404777
高蔵寺ふれあいセンター北,高蔵寺,246.87718896080628
高蔵寺ふれあいセンター北,高蔵寺町2丁目,255.2625906761319
気噴町西,不二小学校前,878.9909443052583
気噴町西,北気噴,738.6400491797837
気噴町西,気噴町,430.9093856871783
不二小学校前,北気噴,738.9269327644361
不二小学校前,東出川,414.37071548886166
不二小学校前,白山南,630.9902083021741
不二小学校前,円福寺前,1103.2180675566367
不二小学校前,中部大学東,1022.8774048483585
岩成台西,岩成台北,631.822152778443
岩成台西,藤山台南,822.8684136717477
岩成台西,白山,814.5078292790768
北気噴,繁田,554.4246865839401
北気噴,気噴町,546.7325888394878
北気噴,白山南,490.1188747516849
神領町東,堀ノ内町東,478.46688408402684
神領町東,大留町4丁目,920.20057633223
神領町東,神領駅,295.1867078766838
堀ノ内町東,篠木八丁目,1624.2266538084548
堀ノ内町東,神領駅,446.06399179461386
東野町西3丁目,下原口,566.4909082677107
東野町西3丁目,東野町,690.2049269455117
東野町西3丁目,東野,752.1963706021562
東野町西3丁目,松原中学校,476.9068538409956
東野町西3丁目,西山住宅前,694.5032660187342
下原口,東野町,459.5455815707025
下原口,東野小学校南,76.04364678087816
東野町,東野小学校南,428.2829303412791
東野町,東野,100.14287218655019
春日井市民病院,市民病院西,443.686158831325
春日井市民病院,南下原町,865.2174237384482
春日井市民病院,松原中学校,607.3549115098982
春日井市民病院,西山町,777.3570093585809
春日井市民病院,西山口,589.1599555704828
市民病院西,南下原町西,747.8266040856
市民病院西,南下原町,771.2529809722555
市民病院西,パナソニックエコシステムズ,849.5776698764656
市民病院西,岩野,836.8161606817794
市民病院西,総合体育館前,724.9357589006673
松原中学校,南下原町,786.2083916622547
松原中学校,松原小学校前,1183.3852248836718
松原中学校,西山町,726.7296451204662
松原中学校,東野,1051.4818607532898
松原中学校,西山住宅前,789.0161870058089
南下原町,松原小学校前,1022.1090992066884
南下原町,六軒屋3丁目,944.3633324657396
南下原町,六軒屋,664.8844540368503
南下原町,南下原町西,933.7678092871729
南下原町,八田,938.7180112372932
松原小学校前,六軒屋3丁目,403.0969523391667
松原小学校前,中原,363.9431634874797
松原小学校前,東野,462.7966146591171
松原小学校前,南島,246.58250493078384
六軒屋3丁目,六軒屋,551.0821408354855
六軒屋3丁目,中原,599.9008095340951
六軒屋3丁目,六軒屋4丁目,403.31990244516066
六軒屋3丁目,浅山町,640.5603981208052
六軒屋3丁目,東野口,733.1604590699229
六軒屋,六軒屋4丁目,408.1064580561836
六軒屋,上八田,815.4051948272439
六軒屋,六軒屋公民館,343.7304559653927
六軒屋,八田,764.8244288594886
南下原町西,総合体育館前,420.27090570794553
南下原町西,岩野町1丁目,603.0018639677511
南下原町西,八田,686.3273438782318
南下原町西,大手小学校南,613.4495378748137
東山,下原本町,523.7704381936853
上条町中,上条町2丁目,782.5813022308104
上条町中,下津保育園北,1020.7403342040225
上条町2丁目,下津保育園北,1451.7801285455428
上条町2丁目,月見橋南,789.5270741376684
上条町2丁目,弥生町2丁目,595.5592140549849
上条町2丁目,八事町,579.445792842207
上条町2丁目,春日井駅,526.2340745297766
中原,南島,317.08102596680925
中原,東野新町,431.27831926283767
中原,東野口,351.94601711945586
篠木八丁目,東山住宅前,947.4061881431618
関田町,篠木,810.1413848811081
関田町,総合福祉センター前,790.7970480450775
関田町,乙輪町,637.8691600589485
八光町3丁目,勝川新町,765.1397238329603
八光町3丁目,神明町,736.8643499459242
八光町3丁目,稲口,661.4058213620496
八光町3丁目,中央公民館前,546.3192261405081
八光町3丁目,若草通一丁目,579.0533370031792
八光町3丁目,柏井町四丁目サティ前,913.6235208510035
八光町3丁目,八幡社前,825.9049922072359
勝川新町,神明町,492.6178277814855
勝川新町,稲口,1171.855363821441
勝川新町,稲口町,1031.74470690976
勝川新町,美濃町3丁目,520.74178131725
神明町,若草通一丁目,377.66272187337563
神明町,柏井町一丁目,679.0966415507183
神明町,勝川駅前,720.0702502695922
稲口,中央公民館前,500.5001961365182
稲口,如意申,453.71029266581553
稲口,稲口町,1220.78547335697
稲口,柏原町2丁目,647.8857660104746
西部ふれあいセンター,高山口,983.5877067739668
西部ふれあいセンター,西高山町,464.9797246447937
西部ふれあいセンター,西部中学校,346.66451289147847
前高グラウンド,前並調理場東,729.8714415862661
前高グラウンド,前並公民館,471.59530087465214
前高グラウンド,東大手,799.3211047522652
前高グラウンド,前並町1丁目,547.5594795507047
前高グラウンド,西高山町,371.44555570483357
前高グラウンド,辻山西公園,402.4423195861726
前高グラウンド,高山,541.6617034360768
前並調理場東,前並公民館,364.50545879301256
前並調理場東,東大手,723.6533163065506
前並調理場東,上大手,1086.1778025349286
前並調理場東,新開町,492.6209883530518
前並公民館,新開町,798.7592160804714
前並公民館,牛山第三公民館,1168.6241128472327
前並公民館,前並町1丁目,441.03722287211514
東大手,上大手,787.5726689957496
東大手,岩野町1丁目,687.8224438572513
東大手,辻山西公園,608.4609570838253
東大手,大手小学校南,662.8861664530332
東大手,辻山橋東,409.8096547596423
牛山ちびっこ広場西,牛山運動広場南,512.8865285381396
牛山ちびっこ広場西,三本竹児童遊園,336.74449618852935
牛山ちびっこ広場西,さつき台児童遊園,683.7928458440649
牛山運動広場南,新開町,327.5747136543912
牛山運動広場南,上大手,990.9769499749223
牛山運動広場南,さつき台児童遊園,802.2607454716698
牛山運動広場南,西町屋,1081.5609033268333
上大手,新開町,1080.9593985023582
上大手,西町屋,334.4391533546912
上大手,南町屋,460.89145798378075
上大手,岩野,680.3249539175886
上大手,岩野町1丁目,697.2507755104376
牛山第三公民館,新開町,957.4643188244145
牛山第三公民館,前並町1丁目,1219.8824265823882
鳥居松公園,鳥居松2丁目,321.03046814670614
鳥居松公園,月見橋南,499.1885818233362
鳥居松公園,春日井市役所前,392.00835980629984
鳥居松2丁目,月見橋南,660.2004658803626
鳥居松2丁目,瑞穂通1丁目,575.8220864368427
鳥居松2丁目,春日井高校前,467.75069867282235
月見橋南,下津保育園北,1634.5508825948666
月見橋南,春日井高校前,979.058772640854
月見橋南,春日井市役所前,691.2336775283776
月見橋南,弥生町2丁目,218.83735538379335
中央公民館前,柏原町2丁目,298.6811094845749
中央公民館前,柏井町四丁目サティ前,894.6333645222068
瑞穂通1丁目,春日井高校前,575.3582929268821
瑞穂通1丁目,柏原町2丁目,549.8031517294919
瑞穂通1丁目,柏井町四丁目サティ前,965.840541867624
鳥居松,鳥居松八丁目,650.1709553394348
鳥居松,春日井市役所前,165.67192818736964
鳥居松,八事町,696.819567705518
鳥居松,乙輪町,833.758165975234
鳥居松八丁目,六軒屋口,504.81512566331446
鳥居松八丁目,ことぶき町,167.85567414920297
鳥居松八丁目,乙輪町,568.3724959688991
西山町,桃山町東,812.4804314861667
西山町,西山住宅前,416.9536556483512
西山町,西山口,388.29397221860296
桃山町東,西山口,707.2446470577254
パナソニックエコシステムズ,岩野,467.16088666831575
パナソニックエコシステムズ,田楽,750.4531763278521
パナソニックエコシステムズ,町屋,519.002604068474
パナソニックエコシステムズ,南町屋,380.9315249820147
岩野,総合体育館前,272.3896359360816
岩野,南町屋,398.0319262580843
岩野,岩野町1丁目,416.94474501482955
田楽,町屋,531.7704512784647
田楽,西町屋,740.577952590066
町屋,西町屋,248.50438642334038
町屋,南町屋,320.26512354793823
六軒屋口,ことぶき町,539.4868829497583
六軒屋口,総合福祉センター前,645.5621434910444
六軒屋口,八田町二丁目,828.0016358424674
六軒屋口,浅山町,486.2278118008604
六軒屋口,六軒屋4丁目,622.0165467815289
六軒屋口,六軒屋公民館,668.2599603615993
総合体育館前,岩野町1丁目,369.42560964953793
飼野,自衛隊前,793.8645425908987
飼野,玉野,737.9021667513098
岩成台,押沢台5丁目,1716.3020941064333
岩成台,岩成台北,584.3908496445036
岩成台,藤山台東,289.33973803205396
岩成台,中央台,456.3773973129182
押沢台口,木附,431.32623907682336
押沢台口,押沢台5丁目,588.4440055411822
木附,玉野台北,377.77284289042643
東出川,中部大学東,701.567931640353
不二ヶ丘,中部大学前,320.70541689383646
繁田,高蔵寺町2丁目,395.17386423544406
白山南,円福寺前,738.382706848433
白山南,白山,570.3034777170911
円福寺前,中部大学東,1443.1698164608265
円福寺前,藤山台南,880.3619391301985
円福寺前,庄名,531.8673008316463
円福寺前,白山,562.3170458219369
円福寺前,神明,1210.5655532154065
坂下,泉橋,858.4725454095561
坂下,廻間,1359.8561871666925
坂下,坂下六丁目,673.5659268225636
坂下,坂下二丁目,346.9063938644612
坂下,坂下五丁目,814.7436460085152
坂下,坂下公民館,484.1627091328988
泉橋,廻間,1718.7150570096344
泉橋,藤山台南,1378.2544712733866
泉橋,庄名,694.9055110515538
泉橋,坂下二丁目,568.9886981062634
泉橋,神明,807.0011074521148
泉橋,上野,285.6225331782645
泉橋,上野北,324.2418932336149
廻間,藤山台南,1336.2537369199301
廻間,藤山台,1002.6235264948891
廻間,坂下五丁目,839.6638398540297
廻間,高森台西,275.16411361904403
廻間,高森台四丁目,985.9425453639666
廻間,愛知学園前,1497.1152255817055
坂下六丁目,坂下二丁目,461.93975897872167
坂下六丁目,中部大学北,307.6223708758202
東野,南島,269.5074585182632
東野,東野新町,765.6594470130634
下津保育園北,春日井高校前,1969.6116843552848
下津保育園北,春日井高等養護学校,883.2420008739931
東山住宅前,東野新町,527.272876852722
ことぶき町,総合福祉センター前,414.2122635274644
ことぶき町,乙輪町,503.03090405349184
総合福祉センター前,篠木,479.40076513186636
総合福祉センター前,浅山町,575.2082371079714
総合福祉センター前,乙輪町,716.866586905415
篠木,東部中学校前,381.6923461989558
篠木,浅山町,745.1988684098225
篠木,東野口,714.7145814195278
東部中学校前,篠木六丁目,168.31862230942588
東部中学校前,東野新町,821.7255658949676
東部中学校前,東野口,749.883972306703
篠木六丁目,東野新町,812.4083110420886
如意申,柏原町2丁目,858.046331912212
稲口町,美濃町,465.43678703810485
稲口町,美濃町3丁目,627.5690947059336
美濃町,美濃町3丁目,234.08630739012503
新開町,さつき台児童遊園,779.9762851536522
さつき台児童遊園,天神社南,635.6380694925939
西町屋,南町屋,374.80281444414584
春日井高校前,柏井町四丁目サティ前,638.6194430708939
春日井高校前,下中公園,1803.5336676372308
春日井高校前,春日井高等養護学校,1870.5585572869416
松河戸交番北,松河戸住宅,372.47816483703684
松河戸交番北,下中公園,822.5069695212997
松河戸住宅,下中公園,746.2470597128357
松河戸住宅,柏井町四丁目サティ前,1396.8298997362508
松河戸住宅,勝川駅南,840.3520900084044
松河戸住宅,柏井町一丁目,965.2199920923781
松河戸住宅,八幡社前,1171.683615420888
八田町二丁目,上八田,392.6044466104839
八田町二丁目,六軒屋公民館,821.2722109675663
上八田,高山口,1746.7759129418278
上八田,六軒屋公民館,694.1094861022657
上八田,八田,651.1254459956522
高山口,西高山町,743.6320575057921
高山口,高山,340.63276008013014
高山口,八田,1678.595712498161
西高山町,前並町1丁目,436.78891639764765
西高山町,高山,674.9857634930178
西高山町,西部中学校,294.7728087430104
柏原町2丁目,柏井町四丁目サティ前,999.9465242606884
春日井市役所前,八事町,711.112055348559
春日井市役所前,弥生町2丁目,735.4891562979162
八事町,弥生町2丁目,350.4300984663816
八事町,春日井駅,574.8551690569185
八事町,乙輪町,630.4798814679846
八事町,春日井駅前,543.1218313641613
六軒屋4丁目,浅山町,623.0134787349249
六軒屋4丁目,六軒屋公民館,167.6933906014408
浅山町,東野口,540.9249381612716
岩野町1丁目,大手小学校南,449.9077839227497
自衛隊前,玉野台北,582.9245083306288
自衛隊前,玉野台南,432.76251784603994
自衛隊前,玉野,298.68037007020297
押沢台5丁目,中央台,1503.547004646531
玉野台北,玉野台南,466.75666375039305
玉野台南,玉野,443.37053945028674
かみや団地,坂下公民館,1006.9509328751079
かみや団地,下神屋,1005.5229786496046
かみや団地,かみや団地口,477.06044140450155
愛知県コロニー,高森台四丁目,1210.3697432152344
愛知県コロニー,坂下出張所前,714.6450972563272
愛知県コロニー,愛知学園前,449.26319539371053
高森台四丁目,烏洞橋,892.312205598539
高森台四丁目,高森台西,867.048970653685
高森台四丁目,愛知学園前,1377.7440711988927
神屋,かみや団地口,772.5098005201186
神屋,神屋住宅前,594.6705622447995
神屋,坂下出張所前,621.0524861088973
神屋,愛知学園前,459.89649790290224
中部大学東,中部大学前,272.9036866663005
中部大学東,神明,757.9731268443473
烏洞橋,藤山台東,944.241236211808
烏洞橋,岩成台北,1015.0249805426561
烏洞橋,藤山台,780.064878461847
烏洞橋,高森台西,613.2015258174786
藤山台東,岩成台北,576.2316043905612
藤山台東,中央台,283.5192585647413
岩成台北,藤山台,549.317720222558
岩成台北,藤山台南,805.7680961555234
藤山台,藤山台南,578.4473664306789
藤山台,高森台西,843.217820067701
藤山台南,庄名,943.1702002259332
藤山台南,白山,975.8216176769118
庄名,神明,863.6344314918765
坂下二丁目,上野北,318.35393458557166
坂下二丁目,中部大学北,496.87608090794924
春日井駅,春日井駅前,79.06578007465002
乙輪町,春日井駅前,521.7350156892218
南島,東野新町,620.0333964926543
東野新町,東野口,448.52159736613953
前並町1丁目,西部中学校,282.8038127364253
下中公園,柏井町四丁目サティ前,1598.829260719089
下中公園,春日井高等養護学校,297.589992394319
若草通一丁目,柏井町一丁目,485.40935696335447
若草通一丁目,八幡社前,489.4272598376114
柏井町一丁目,勝川駅南,275.3610728613404
柏井町一丁目,勝川駅前,291.3885968794451
柏井町一丁目,八幡社前,468.65447373557816
辻山西公園,高山,304.72063108717987
辻山西公園,辻山橋東,487.0158657296965
高山,八田,1559.802915688682
高山,大手小学校南,1017.9636994852592
高山,辻山橋東,679.1052180725247
坂下五丁目,下神屋,439.84795810917433
坂下五丁目,神屋住宅前,639.3436915258072
坂下五丁目,坂下公民館,656.8570227249837
坂下五丁目,愛知学園前,1191.085733484888
下神屋,神屋住宅前,473.3539256867006
下神屋,坂下公民館,309.3728641683556
下神屋,かみや団地口,904.5874186166255
神屋住宅前,かみや団地口,621.3124406240696
神屋住宅前,愛知学園前,901.2149825498624
坂下出張所前,愛知学園前,581.3169597675555
中部大学前,神明,900.4739296475583
神明,上野,712.8149460876778
神明,中部大学北,995.7566134944627
上野,上野北,243.2016369935138
上野,中部大学北,398.05388847640916
上野北,中部大学北,352.64056697322115
柏井町四丁目サティ前,八幡社前,417.13046654901865
勝川駅南,勝川駅前,98.94589681814635
八田,大手小学校南,895.1165509015852
大手小学校南,辻山橋東,396.87578789350835
